Company,Profit,Number Of Rides,Profit Per Ride
PinkCab,5307328.321,84711,62.65217410961977
YellowCab,44020373.17080001,274681,160.25998584103016
