Company,Profit Per Ride
PinkCab,62.65217410961977
YellowCab,160.25998584103016
